{
"h19075_1280":[
  {
    "faceRectangle": {
      "left": 68,
      "top": 97,
      "width": 64,
      "height": 97
    },
    "scores": {
      "anger": 0.00300731952,
      "contempt": 5.14648448E-08,
      "disgust": 9.180124E-06,
      "fear": 0.0001912825,
      "happiness": 0.9875571,
      "neutral": 0.0009861537,
      "sadness": 1.889955E-05,
      "surprise": 0.008229999
    }
  }
],
"h187696_1920": [
  {
    "faceRectangle": {
      "height": 571,
      "left": 285,
      "top": 161,
      "width": 571
    },
    "scores": {
      "anger": 6.029397E-07,
      "contempt": 3.36813537E-05,
      "disgust": 6.366248E-07,
      "fear": 2.94457365E-08,
      "happiness": 0.993061066,
      "neutral": 0.00689892145,
      "sadness": 3.68238875E-06,
      "surprise": 1.354874E-06
    }
  }
],
"":


}
